gene	entrez_id	variant	disease	doid	phenotypes	drugs	assertion_type	assertion_direction	clinical_significance	acmg_codes	amp_category	nccn_guideline	nccn_guideline_version	regulatory_approval	fda_companion_test	assertion_summary	assertion_description	assertion_id	evidence_item_ids	variant_id	gene_id	last_review_date	assertion_civic_url	evidence_items_civic_url	variant_civic_url	gene_civic_url
ERBB2	2064	AMPLIFICATION	Her2-receptor Positive Breast Cancer	0060079		Trastuzumab	Predictive	Supports	Sensitivity/Response		Tier I - Level A	Breast Cancer	3.2017	true	true	HER2 amplification predicts sensitivity to Trastuzumab	HER2 amplification defines a clinically relevant subtype of breast cancer. HER2 amplification predicts sensitivity to various targeted therapies including the monoclonal antibody Trastuzumab. The use of Trastuzumab, often in combination with chemotherapy and/or endocrine therapy (depending on hormone receptor status), is now standard of care for HER2-positive breast cancer patients.	2	1122,528,529	18	20	2020-01-16 19:05:22 UTC	https://civic.genome.wustl.edu/links/assertions/2	https://civic.genome.wustl.edu/links/evidence_items/1122,https://civic.genome.wustl.edu/links/evidence_items/528,https://civic.genome.wustl.edu/links/evidence_items/529	https://civic.genome.wustl.edu/links/variants/18	https://civic.genome.wustl.edu/links/genes/20
ALK	238	ALK FUSIONS	Lung Non-small Cell Carcinoma	3908		Crizotinib	Predictive	Supports	Sensitivity/Response		Tier I - Level A	Non-Small Cell Lung Cancer	9.2017	true	true	Lung adenocarcinoma positive for ALK-FUSIONS have been found to be sensitive to crizotinib treatment	ALK-FUSIONS induce an active form of the receptor tyrosine kinase ALK.  ALK-FUSIONS are found in 3-5% of non-small cell lung cancer and act as a targetable driver mutation. the ALK inhibitor crizotinib was effective in lung cancer patients with ALK fusions and was granted accelerated FDA approval in 2011. The Vysis break-apart FISH assay is an FDA approved test for the presence of ALK fusion. NCCN guideline version 9.2017 lists crizotinib as approved first-line NSCLC treatment in the presence of ALK fusions but now lists alectinib as preferred first-line therapy.	3	1189,1187,1198,1199,4858,1200,1201,1419,1577,1691,262,1207,1245,1197,1356,1193,1190,1196	499	1	2020-01-16 19:05:22 UTC	https://civic.genome.wustl.edu/links/assertions/3	https://civic.genome.wustl.edu/links/evidence_items/1189,https://civic.genome.wustl.edu/links/evidence_items/1187,https://civic.genome.wustl.edu/links/evidence_items/1198,https://civic.genome.wustl.edu/links/evidence_items/1199,https://civic.genome.wustl.edu/links/evidence_items/4858,https://civic.genome.wustl.edu/links/evidence_items/1200,https://civic.genome.wustl.edu/links/evidence_items/1201,https://civic.genome.wustl.edu/links/evidence_items/1419,https://civic.genome.wustl.edu/links/evidence_items/1577,https://civic.genome.wustl.edu/links/evidence_items/1691,https://civic.genome.wustl.edu/links/evidence_items/262,https://civic.genome.wustl.edu/links/evidence_items/1207,https://civic.genome.wustl.edu/links/evidence_items/1245,https://civic.genome.wustl.edu/links/evidence_items/1197,https://civic.genome.wustl.edu/links/evidence_items/1356,https://civic.genome.wustl.edu/links/evidence_items/1193,https://civic.genome.wustl.edu/links/evidence_items/1190,https://civic.genome.wustl.edu/links/evidence_items/1196	https://civic.genome.wustl.edu/links/variants/499	https://civic.genome.wustl.edu/links/genes/1
VHL	7428	R167Q (c.500G>A)	Von Hippel-Lindau Disease	14175	Retinal capillary hemangioma,Pheochromocytoma,Renal cell carcinoma,Cerebellar hemangioblastoma		Predisposing	Supports	Pathogenic	PS4,PM1,PM2,PP1,PP4				false	false	R167Q (c.500G>A) is a pathogenic variant for Von Hippel-Lindau	R167Q is the most common mutation associated with Von Hippel-Lindau syndrome. This variant is very rare in the general population at 4.061e-6 in the gnomAD exomes (v2.0.2) proving ACMG code PM2. The variant occurs within the functional domain, disrupting VHL binding to elongin C (ACMG code PM1). Additional codes are provided by the following EIDs. 4913 (PS4), 5062 (PP4), 5264 (PS4), 5354 (PP4), 5487 and 4913 (PP1).	4	5546,5487,4913,5062,5264,5354,5485	1739	58	2019-05-22 15:33:32 UTC	https://civic.genome.wustl.edu/links/assertions/4	https://civic.genome.wustl.edu/links/evidence_items/5546,https://civic.genome.wustl.edu/links/evidence_items/5487,https://civic.genome.wustl.edu/links/evidence_items/4913,https://civic.genome.wustl.edu/links/evidence_items/5062,https://civic.genome.wustl.edu/links/evidence_items/5264,https://civic.genome.wustl.edu/links/evidence_items/5354,https://civic.genome.wustl.edu/links/evidence_items/5485	https://civic.genome.wustl.edu/links/variants/1739	https://civic.genome.wustl.edu/links/genes/58
EGFR	1956	L858R	Lung Non-small Cell Carcinoma	3908		Erlotinib,Gefitinib	Predictive	Supports	Sensitivity/Response		Tier I - Level A	Non-Small Cell Lung Cancer	3.2018	true	true	Non-small cell lung cancer with EGFR L858R mutation is sensitive to erlotininb or gefitinib.	L858R is among the most common sensitizing EGFR mutations in NSCLC, and is assessed via DNA mutational analysis including Sanger sequencing and next generation sequencing methods. Tyrosine kinase inhibitors erlotinib and gefitinib are associated with improved progression free survival over chemotherapy in EGFR L858R patients. NCCN guidelines recommend (category 1) erlotinib and gefitinib for NSCLC with sensitizing EGFR mutations, along with afatinib and osimertinib.	5	2624,276,1665,2621,2625,3811,2634,229,4291,4290,4285,4265,885,2994	33	19	2020-01-16 19:05:22 UTC	https://civic.genome.wustl.edu/links/assertions/5	https://civic.genome.wustl.edu/links/evidence_items/2624,https://civic.genome.wustl.edu/links/evidence_items/276,https://civic.genome.wustl.edu/links/evidence_items/1665,https://civic.genome.wustl.edu/links/evidence_items/2621,https://civic.genome.wustl.edu/links/evidence_items/2625,https://civic.genome.wustl.edu/links/evidence_items/3811,https://civic.genome.wustl.edu/links/evidence_items/2634,https://civic.genome.wustl.edu/links/evidence_items/229,https://civic.genome.wustl.edu/links/evidence_items/4291,https://civic.genome.wustl.edu/links/evidence_items/4290,https://civic.genome.wustl.edu/links/evidence_items/4285,https://civic.genome.wustl.edu/links/evidence_items/4265,https://civic.genome.wustl.edu/links/evidence_items/885,https://civic.genome.wustl.edu/links/evidence_items/2994	https://civic.genome.wustl.edu/links/variants/33	https://civic.genome.wustl.edu/links/genes/19
EGFR	1956	L858R	Lung Non-small Cell Carcinoma	3908		Afatinib	Predictive	Supports	Sensitivity/Response		Tier I - Level A	Non-Small Cell Lung Cancer	3.2018	true	true	EGFR L858R positive NSCLC is sensitive to afatinib.	L858R is among the most common sensitizing EGFR mutations in NSCLC, and is assessed via DNA mutational analysis, including Sanger sequencing and next generation sequencing methods. Tyrosine kinase inhibitor afatinib is FDA approved, and is recommended (category 1) by NCCN guidelines along with erlotinib, gefitinib and osimertinib as first line systemic therapy in NSCLC with sensitizing EGFR mutation.	6	883,968,982,2629,2997,879	33	19	2020-01-16 19:05:22 UTC	https://civic.genome.wustl.edu/links/assertions/6	https://civic.genome.wustl.edu/links/evidence_items/883,https://civic.genome.wustl.edu/links/evidence_items/968,https://civic.genome.wustl.edu/links/evidence_items/982,https://civic.genome.wustl.edu/links/evidence_items/2629,https://civic.genome.wustl.edu/links/evidence_items/2997,https://civic.genome.wustl.edu/links/evidence_items/879	https://civic.genome.wustl.edu/links/variants/33	https://civic.genome.wustl.edu/links/genes/19
BRAF	673	V600E	Melanoma	1909		Trametinib,Dabrafenib	Predictive	Supports	Sensitivity/Response		Tier I - Level A	Melanoma	2.2018	true	true	BRAF V600E mutant melanoma is sensitive to dabrafenib and trametinib combination therapy	Combination treatment of BRAF inhibitor dabrafenib and MEK inhibitor trametinib is recommended for adjuvant treatment of stage III or recurrent melanoma with BRAF V600E mutation detected by the approved THxID kit, as well as first line treatment for metastatic melanoma. The treatments are FDA approved and NCCN guidelines recommend these treatments as category 1 based on studies including the Phase III COMBI-V, COMBI-D and COMBI-AD Trials. Combination therapy is now recommended above BRAF inhibitor monotherapy. Dabrafenib and trametinib are recommend as NCCN Category 2A for second line therapy in metastatic melanoma due to lack of clear Phase III trial data for this use case. Cutaneous squamous-cell carcinoma and keratoacanthoma occur at lower rates with combination therapy than with BRAF inhibitor alone.	7	6178,6938,6940,3758	12	5	2020-01-16 19:05:22 UTC	https://civic.genome.wustl.edu/links/assertions/7	https://civic.genome.wustl.edu/links/evidence_items/6178,https://civic.genome.wustl.edu/links/evidence_items/6938,https://civic.genome.wustl.edu/links/evidence_items/6940,https://civic.genome.wustl.edu/links/evidence_items/3758	https://civic.genome.wustl.edu/links/variants/12	https://civic.genome.wustl.edu/links/genes/5
NTRK1	4914	NTRK1 FUSIONS	Cancer	162		Larotrectinib	Predictive	Supports	Sensitivity/Response		Tier I - Level A			true	false	NTRK1 Fusions predict sensitivity to Larotrectinib in solid tumors	NTRK1 Fusions predict sensitivity to Larotrectinib across cancer types (solid tumors) and patient ages. Objective response rates have been reported as high as 75% in adults and over 90% in children. NTRK1 forms fusions with multiple partner genes. Larotrectinib is FDA approved for the treatment of adult and pediatric patients with solid tumors characterized by an NTRK gene fusion and without an acquired resistance mutation. Eligible patients have metastatic disease, have progressed on the treatment theyâ€™re receiving, are without other treatment options, and are not candidates for surgical resection of their tumor.	8	6569,978,2956,6567,1019,2953,2955	419	3983	2020-12-03 03:55:16 UTC	https://civic.genome.wustl.edu/links/assertions/8	https://civic.genome.wustl.edu/links/evidence_items/6569,https://civic.genome.wustl.edu/links/evidence_items/978,https://civic.genome.wustl.edu/links/evidence_items/2956,https://civic.genome.wustl.edu/links/evidence_items/6567,https://civic.genome.wustl.edu/links/evidence_items/1019,https://civic.genome.wustl.edu/links/evidence_items/2953,https://civic.genome.wustl.edu/links/evidence_items/2955	https://civic.genome.wustl.edu/links/variants/419	https://civic.genome.wustl.edu/links/genes/3983
ACVR1	90	G328V	Diffuse Midline Glioma, H3 K27M-mutant	0080684			Diagnostic	Supports	Positive		Tier II - Level C			false	false	Supports diagnosis of diffuse intrinsic pontine glioma.	ACVR1 G328V mutations occur within the kinase domain, leading to activation of downstream signaling. Exclusively seen in high-grade pediatric gliomas, supporting diagnosis of diffuse intrinsic pontine glioma.	9	4846,6955	1686	154	2018-10-16 17:06:39 UTC	https://civic.genome.wustl.edu/links/assertions/9	https://civic.genome.wustl.edu/links/evidence_items/4846,https://civic.genome.wustl.edu/links/evidence_items/6955	https://civic.genome.wustl.edu/links/variants/1686	https://civic.genome.wustl.edu/links/genes/154
BRAF	673	V600E	Melanoma	1909		Cobimetinib,Vemurafenib	Predictive	Supports	Sensitivity/Response		Tier I - Level A	Melanoma	2.2018	true	true	BRAF V600E mutant melanoma is sensitive to vemurafenib and cobimetinib combination therapy	Vemurafenib and cobimetinib combination is an FDA approved and NCCN Category 1 first line treatment for BRAF V600E mutant metastatic melanoma based on clinical data including the Phase III coBRIM trial. NCCN guidelines recommend combination BRAF/MEK inhibitor therapy over BRAF inhibitor monotherapy in this treatment context. Vemurafenib and cobimetinib combination is recommend as Category 2A treatment in second-line or later contexts, and it is recommended to use treatment options different from those used with the patient during first-line therapy. The cobas 4800 BRAF V600 Mutation Test is approved as an FDA companion test for Cotellic (cobimetinib) in combination with Zelboraf (vemurafenib).	10	1421,6966,6044	12	5	2020-01-16 19:05:22 UTC	https://civic.genome.wustl.edu/links/assertions/10	https://civic.genome.wustl.edu/links/evidence_items/1421,https://civic.genome.wustl.edu/links/evidence_items/6966,https://civic.genome.wustl.edu/links/evidence_items/6044	https://civic.genome.wustl.edu/links/variants/12	https://civic.genome.wustl.edu/links/genes/5
BRAF	673	V600K	Melanoma	1909		Vemurafenib,Cobimetinib	Predictive	Supports	Sensitivity/Response		Tier I - Level A	Melanoma	2.2018	true	true	BRAF V600K mutant melanoma is sensitive to vemurafenib and cobimetinib combination therapy	Vemurafenib and cobimentinb is an FDA approved and NCCN Category 1 first line treatment for BRAF V600K mutant metastatic melanoma based on clinical data including the Phase III coBRIM trial.  NCCN guidelines recommend combination BRAF/MEK inhibitor therapy over BRAF inhibitor monotherapy in this treatment context. BRAF-targeted therapy are recommend as Category 2A treatment options in second-line or later treatment contexts, and it is recommended to use treatment options different from those used with the patient during first-line therapy. The cobas 4800 BRAF V600 Mutation Test is approved as an FDA companion test for Cotellic (cobimetinib) in combination with Zelboraf (vemurafenib).	11	6966,6044,6965	563	5	2020-01-16 19:05:22 UTC	https://civic.genome.wustl.edu/links/assertions/11	https://civic.genome.wustl.edu/links/evidence_items/6966,https://civic.genome.wustl.edu/links/evidence_items/6044,https://civic.genome.wustl.edu/links/evidence_items/6965	https://civic.genome.wustl.edu/links/variants/563	https://civic.genome.wustl.edu/links/genes/5
BRAF	673	V600K	Melanoma	1909		Trametinib,Dabrafenib	Predictive	Supports	Sensitivity/Response		Tier I - Level A	Melanoma	2.2018	true	true	BRAF V600K mutant melanoma is sensitive to dabrafenib and trametinib combination therapy	Combination treatment of BRAF inhibitor dabrafenib and MEK inhibitor trametinib is recommended for adjuvant treatment of stage III or recurrent melanoma with the less common BRAF V600K mutation detected by the approved THxID kit, as well as first line treatment for metastatic melanoma. The treatments are FDA approved and NCCN guidelines recommend these treatments as category 1 based on studies including the Phase III COMBI-V, COMBI-D and COMBI-AD Trials. Combination therapy is now recommended above BRAF inhibitor monotherapy. Dabrafenib and trametinib are recommend as NCCN Category 2A for second line therapy in metastatic melanoma due to lack of clear Phase III trial data for this use case. Cutaneous squamous-cell carcinoma and keratoacanthoma occur at lower rates with combination therapy.	13	4181,6179,6941	563	5	2020-01-16 19:05:22 UTC	https://civic.genome.wustl.edu/links/assertions/13	https://civic.genome.wustl.edu/links/evidence_items/4181,https://civic.genome.wustl.edu/links/evidence_items/6179,https://civic.genome.wustl.edu/links/evidence_items/6941	https://civic.genome.wustl.edu/links/variants/563	https://civic.genome.wustl.edu/links/genes/5
VHL	7428	E70K (c.208G>A)	Von Hippel-Lindau Disease	14175			Predisposing	Supports	Likely Pathogenic	PM1,PM2,PP1,PP4				false	false	VHL E70K (c.208G>A) is Likely Pathogenic	E70K missense variant occurs at a very low allele frequency in the general population (0.00001489 allele frequency in ExAC, 4.365e-6 allele frequency in gnomAD) and was previously identified in several unrelated individuals with VHL disease symptoms (see evidence statements).  PM1 (6860); PM2 (per above); PP1 (5805);  PP4 (5805;6742).	14	6742,6860,6503,5780,5273,5805	1956	58	2019-02-28 15:31:42 UTC	https://civic.genome.wustl.edu/links/assertions/14	https://civic.genome.wustl.edu/links/evidence_items/6742,https://civic.genome.wustl.edu/links/evidence_items/6860,https://civic.genome.wustl.edu/links/evidence_items/6503,https://civic.genome.wustl.edu/links/evidence_items/5780,https://civic.genome.wustl.edu/links/evidence_items/5273,https://civic.genome.wustl.edu/links/evidence_items/5805	https://civic.genome.wustl.edu/links/variants/1956	https://civic.genome.wustl.edu/links/genes/58
VHL	7428	F76del (c.224_226delTCT)	Von Hippel-Lindau Disease	14175			Predisposing	Supports	Pathogenic	PS2,PM2,PM4,PP1				false	false	The inframe variant, F76del, is pathogenic for Von Hippel-Lindau Disease.	EID5682 shows a large family with the variant cosegregating with affected individuals (PP1). However, confirmed de novo mutations are also described EID5340 (PS2). Both are supported by several other reports with familial and sporadic VHL and this variant. This inframe deletion is not in a repetitive region (PM4) and absent from gnomAD v2.1 (PM2).	17	6862,5682,5749,5641,5744,5766,6121,5386,5750,5426,5203,5340,6557	2088	58	2020-05-28 19:08:01 UTC	https://civic.genome.wustl.edu/links/assertions/17	https://civic.genome.wustl.edu/links/evidence_items/6862,https://civic.genome.wustl.edu/links/evidence_items/5682,https://civic.genome.wustl.edu/links/evidence_items/5749,https://civic.genome.wustl.edu/links/evidence_items/5641,https://civic.genome.wustl.edu/links/evidence_items/5744,https://civic.genome.wustl.edu/links/evidence_items/5766,https://civic.genome.wustl.edu/links/evidence_items/6121,https://civic.genome.wustl.edu/links/evidence_items/5386,https://civic.genome.wustl.edu/links/evidence_items/5750,https://civic.genome.wustl.edu/links/evidence_items/5426,https://civic.genome.wustl.edu/links/evidence_items/5203,https://civic.genome.wustl.edu/links/evidence_items/5340,https://civic.genome.wustl.edu/links/evidence_items/6557	https://civic.genome.wustl.edu/links/variants/2088	https://civic.genome.wustl.edu/links/genes/58
VHL	7428	Q195* (c.583C>T)	Von Hippel-Lindau Disease	14175	Retinal capillary hemangioma,Cerebellar hemangioblastoma,Pheochromocytoma		Predisposing	Supports	Pathogenic	PVS1,PM2,PP4				false	false	VHL nonsense variant Q195* (c.583C>T) is pathogenic for Von Hippel Landau Disease	VHL variant Q195* (c.583C>T) introduces an early stop codon resulting in a truncated protein. Loss of function VHL variants have been implicated with pathogenicity for Von Hippel Landau disease (PVS1), and this variant has been observed in patients with symptoms and family history highly characteristic of Von Hippel Landau disease (PP4). The variant does not appear in the gnomAD population database (PM2).	18	5472,5097,5134,6623,6596,5691,5404,5360,4987	1810	58	2019-02-28 16:44:42 UTC	https://civic.genome.wustl.edu/links/assertions/18	https://civic.genome.wustl.edu/links/evidence_items/5472,https://civic.genome.wustl.edu/links/evidence_items/5097,https://civic.genome.wustl.edu/links/evidence_items/5134,https://civic.genome.wustl.edu/links/evidence_items/6623,https://civic.genome.wustl.edu/links/evidence_items/6596,https://civic.genome.wustl.edu/links/evidence_items/5691,https://civic.genome.wustl.edu/links/evidence_items/5404,https://civic.genome.wustl.edu/links/evidence_items/5360,https://civic.genome.wustl.edu/links/evidence_items/4987	https://civic.genome.wustl.edu/links/variants/1810	https://civic.genome.wustl.edu/links/genes/58
BRAF	673	V600E	Colorectal Cancer	9256			Prognostic	Supports	Poor Outcome		Tier I - Level A	Colon Cancer	2.2017	false	true	BRAF V600E indicates poor prognosis in advanced colorectal cancer	BRAF V600E was associated with worse prognosis in Phase II and III colorectal cancer, with a stronger effect in MSI-Low or MSI-Stable tumors. In metastatic CRC, V600E was associated with worse prognosis, and meta-analysis showed BRAF mutation in CRC associated with multiple negative prognostic markers.  NCCN Guidelines state that that mutations in BRAF are a strong prognostic marker, and recommend BRAF genotyping of either primary or metastatic tumor tissue at diagnosis of stage IV disease.	20	1552,7158,7157,7156,103,7159	12	5	2020-01-16 19:05:22 UTC	https://civic.genome.wustl.edu/links/assertions/20	https://civic.genome.wustl.edu/links/evidence_items/1552,https://civic.genome.wustl.edu/links/evidence_items/7158,https://civic.genome.wustl.edu/links/evidence_items/7157,https://civic.genome.wustl.edu/links/evidence_items/7156,https://civic.genome.wustl.edu/links/evidence_items/103,https://civic.genome.wustl.edu/links/evidence_items/7159	https://civic.genome.wustl.edu/links/variants/12	https://civic.genome.wustl.edu/links/genes/5
PRKACA	5566	DNAJB1-PRKACA	Fibrolamellar Carcinoma	5015			Diagnostic	Supports	Positive		Tier I - Level B			false	false	DNAJB1-PRKACA fusion is highly sensitive and specific for diagnosis of fibrolamellar hepatocellular carcinoma	A head-to-tail in-frame fusion between exon1 of DNAJB1 and exon2 of PRKACA, resulting from a ~400kb genomic deletion, has been reported has highly recurrent in fibrolamellar HCC. Detection of this fusion by RNAseq, RT-PCR and FISH has subsequently shown this fusion to be highly sensitive and specific for diagnosis of fibrolamellar HCC and mixed fibrolamellar HCC. Several hundred fibrolamellar HCC, non-FL HCC or non-malignant tissues have now been assayed to demonstrate this.	24	405,532,754,1643	31	17	2019-05-16 20:02:05 UTC	https://civic.genome.wustl.edu/links/assertions/24	https://civic.genome.wustl.edu/links/evidence_items/405,https://civic.genome.wustl.edu/links/evidence_items/532,https://civic.genome.wustl.edu/links/evidence_items/754,https://civic.genome.wustl.edu/links/evidence_items/1643	https://civic.genome.wustl.edu/links/variants/31	https://civic.genome.wustl.edu/links/genes/17
ALK	238	ALK FUSIONS	Lung Non-small Cell Carcinoma	3908		Alectinib	Predictive	Supports	Sensitivity/Response		Tier I - Level A	Non-Small Cell Lung Cancer	6.2020	true	true	ALK fusion positive NSCLC is sensitive to alectinib	ALK fusions are found in approximately 5% of NSCLC patients. These fusions act as driver mutations through ligand-independent dimerization of ALK and constitutive downstream pathway activation. NCCN guideline 6.2020 recommends alectinib as preferred first-line therapy (category 1) for ALK-positive metastatic NSCLC based on it's superior performance compared to first-line crizotinib in two phase 3 trials (civic:eid8657 and civic:eid7284). The VENTANA ALK (D5F3) CDx assay is FDA approved as companion diagnostic.	34	1273,1279,1272,1282,7284,8657	499	1	2020-08-14 19:16:45 UTC	https://civic.genome.wustl.edu/links/assertions/34	https://civic.genome.wustl.edu/links/evidence_items/1273,https://civic.genome.wustl.edu/links/evidence_items/1279,https://civic.genome.wustl.edu/links/evidence_items/1272,https://civic.genome.wustl.edu/links/evidence_items/1282,https://civic.genome.wustl.edu/links/evidence_items/7284,https://civic.genome.wustl.edu/links/evidence_items/8657	https://civic.genome.wustl.edu/links/variants/499	https://civic.genome.wustl.edu/links/genes/1
FLT3	2322	ITD	Acute Myeloid Leukemia	9119		Gilteritinib	Predictive	Supports	Sensitivity/Response		Tier I - Level A	Acute Myeloid Leukemia	2.2021	true	true	FLT3 internal tandem duplication (ITD) mutations in relapsed / refractory acute myeloid leukemia (AML) are sensitive to Gilteritinib, a Type I FLT3 inhibitor.	The constitutively activating FLT3 internal tandem duplication (ITD) mutation appears in approximately 20-30% of AML patients and are associated with high risk, high relapse rates and poor clinical outcome. The type I selective second-generation oral inhibitor, gilteritinib, received initial global approval for use to treat adults with relapsed or refractory (R/R) FLT3 ITD positive AML in Japan in September 2018. Based on interim results of the ADMIRAL trail (Perl AE, et al., 2019), the FDA approved the drug for treatment of adult R/R AML with FLT3 ITD mutations in November 2018. The FDA approved companion diagnostic, LeukoStrat CDx FLT3 Mutation assay. NCCN AML guidelines classify gilteritinib as a category 1 recommendation for R/R AML patients harboring FLT3 ITD.	38	7283,8923,8924,7728	55	24	2020-12-03 04:02:19 UTC	https://civic.genome.wustl.edu/links/assertions/38	https://civic.genome.wustl.edu/links/evidence_items/7283,https://civic.genome.wustl.edu/links/evidence_items/8923,https://civic.genome.wustl.edu/links/evidence_items/8924,https://civic.genome.wustl.edu/links/evidence_items/7728	https://civic.genome.wustl.edu/links/variants/55	https://civic.genome.wustl.edu/links/genes/24
VHL	7428	L184P (c.551T>C)	Von Hippel-Lindau Disease	14175	Renal cell carcinoma,Morphological central nervous system abnormality,Pancreatic cysts,Abnormality of the pancreas,Renal cyst,Clear cell renal cell carcinoma,Cerebellar hemangioblastoma,Retinal vascular proliferation,Retinal capillary hemangioma,Spinal hemangioblastoma,Hemangioblastoma,Abnormal renal morphology		Predisposing	Supports	Uncertain Significance	PM1,PM2,PP4				false	false	L184P (c.551T>C) is a variant of unknown significance (VUS) for Von Hippel-Lindau Disease	The L184P variant is not found in the general population in the gnomAD exomes (v2.0.2) supporting ACMG code PM2. The variant occurs within a functional domain, disrupting VHL binding to elongin C (ACMG code PM1). This variant has been found to have patient phenotypes that are highly specific for VHL disease. ACMG code PP4: [civic:EID8491], [civic:EID6119], [civic:EID5055], [civic:EID4943].	41	8491,4943,5055,6119	1776	58	2020-12-04 20:35:51 UTC	https://civic.genome.wustl.edu/links/assertions/41	https://civic.genome.wustl.edu/links/evidence_items/8491,https://civic.genome.wustl.edu/links/evidence_items/4943,https://civic.genome.wustl.edu/links/evidence_items/5055,https://civic.genome.wustl.edu/links/evidence_items/6119	https://civic.genome.wustl.edu/links/variants/1776	https://civic.genome.wustl.edu/links/genes/58
